"owner","repo","fetch_date","latest_day","views_count","views_uniques","clones_count","clones_uniques","status","error"
"asgr","celestial","2026-09-21","2026-09-19",0,0,0,0,"ok",""
"asgr","Highlander","2026-09-21","2026-09-19",0,0,1,1,"ok",""
"asgr","hyper.fit","2026-09-21","2026-09-19",0,0,1,1,"ok",""
"asgr","magicaxis","2026-09-21","2026-09-19",0,0,0,0,"ok",""
"asgr","ParmOff","2026-09-21","2026-09-19",0,0,0,0,"ok",""
"asgr","ProFound","2026-09-21","2026-09-19",0,0,0,0,"ok",""
"asgr","ProFuse","2026-09-21","2026-09-19",0,0,13,4,"ok",""
"asgr","ProGeny","2026-09-21","2026-09-19",0,0,0,0,"ok",""
"asgr","ProPane","2026-09-21","2026-09-19",0,0,15,10,"ok",""
"asgr","ProSpect","2026-09-21","2026-09-19",1,1,1,1,"ok",""
"asgr","ProSpectData","2026-09-21","2026-09-19",0,0,0,0,"ok",""
"asgr","ProUtils","2026-09-21","2026-09-19",0,0,0,0,"ok",""
"asgr","Rfits","2026-09-21","2026-09-19",3,2,78,25,"ok",""
"asgr","Rwcs","2026-09-21","2026-09-19",0,0,5,4,"ok",""
"asgr","sphereplot","2026-09-21","2026-09-19",0,0,0,0,"ok",""
"ICRAR","ProFit","2026-09-21","2026-09-19",0,0,1,1,"ok",""
